,Insult,Date,Comment
0,1,20120618192155Z,"""You fuck your dad."""
10,0,20120620015140Z,"""@jdstorm dont wish him injury but it happened on its OWN and i DOUBT he's injured, he looked embarrassed to me"""
20,0,20120612051612Z,"""@EephusBlue\xa0Makes you want to say ""Mike MacWHOgal?"""""
30,0,20120611201838Z,"""russellpiano\xa0\nHmmmm...how can we spin Obama honoring Vietnam troops as something negative.Answer: Doesn't matter! Look at our followers. They'll take anything.\n\n_________________________________________________________________________________________\nObama team: \xa0""Hmmm, how can we make the liberal Messiah look better in light of the revelations of his leaking classified information to the New York Times?I know, lets have a bogus photo shoot at the Viet Nam Memorial. That will make Obama look like he cares about vets (but first we'll have to clear all the vets out of the immediate area because they can't be trusted)."""""
40,0,20120609175446Z,"""You are a liar."""
50,0,20120619183841Z,"""Maher's show goes on and on....\nPalin's\xa0 Alakda show gets canceled.\n\nIsn't the ""free market"" wonderful?"""
60,0,20120620175146Z,"""@Nonstopdrivel Was FredEx on this team?"""
70,0,,"""Well, you guys have gone and done it now. You put the words 'China' and 'Chinese' up the required number of times for the dating Asians ad to come up. Evidently, Ms. Zhang, 50Kg and 168cm [for a BMI of 17.8] from 'HuNan China' wants to meet me. She has her little mouth open like she's speaking. What's that you ask, Zhang? Well, yes, as a matter of fact I am a physician.  Why are you clapping your hands together and jumping up and down?  Stop that squealing, young lady and 'exprain' yourself!"""
80,1,20120530000452Z,"""Of course you would bottom feeder ..."""
90,0,,"""@beeline @SidneyCatsby ...I'm assuming you are in school in the states."""
100,1,20120514051227Z,"""fuck you both"""
110,0,,"""Gabriel.\\xc2\\xa0 \\xc2\\xa0Getting time to blow that horn?"""
120,1,20120514051108Z,"""The most evil, callous, vile, creature in all of mythology is your made up god. Stop killing and eating babies, you dirty christard!"""
130,0,20120620153735Z,"""Fuck hard, then fuck slow, then fuck hard, and then start again."""
140,0,20120609183518Z,"""You are repeating yourself, mate."""
150,0,,"""hahaha today a group of Argentine veterans from the Falklands war beat the crap out of a senator of the peronist party, the party in power right now, for using them for political purposes. The people in Argentina are getting tired of this ""show"" the politicians are doing to distract the Argentine population from other far more important problems."""
160,1,20120503001924Z,"""How old are u 12? \n\nKnicks fan BEEYATCH!!!\n\nNot a Melo ball licker!!!"""
170,1,20120502165117Z,"""Have you be sipping at th e sacramental wine again?\n\nYou really are a dense little dude."""
180,0,20120514051009Z,"""He actually said ""what a spoiled bitch I am"".\xa0 I never hated Colton the way most of the posters did, because I felt for him.\xa0 Being gay in a republican family, can only mean that you have been villified.\xa0 He was dismayed that it was men vs women, as that took away any comfort zone he may have had.\xa0 The men didn't welcome him, and when he got power, it went to his ""spoiled bitch"" head."""
190,0,20120609213514Z,"""You're one of my favorite commenters."""
200,1,20120609233435Z,"""You are stuck on stupid obviously...give me a break and don't vote.\nmoron"""
210,1,20120529090040Z,"""piiisii ... apparently knows nothing about cold facts\n\nRepublican Trolls make us all sick with their non factual crap\n\nYou can cry until 2016 ... your lies mean nothing to intelligent people"""
220,0,,"""if she won't sleep with you, you could probably just force yourself on her and any reasonable judge would take that tattoo as a permission to date rape stamp"""
230,1,20120610074041Z,"""Yo this my nigga right here! my n my boi lil b fuck bitches on the regular, we fucking everyone bitches. tell yo boys that yo bitches aint safe when Mel Gibson n Lil B rollin out on a bitch hunt"""
240,0,,"""I am a moderate. I am fiscally conservative but am moderate on the social issues. The Republican Party is no longer the party of Goldwater, Teddy Roosevelt\\xc2\\xa0 nor even Reagan. The GOP is the party of Jerry Falwell, Tony Perkins and people like Michelle Bachmann. \\nBecause I am gay and can not find a place in the GOP, I voted for Obama in '08. \\nHowever, this year I\\xc2\\xa0am considering voting for Romney this year. \\nRepublicans better hope Romney gets the nomination because Santorum would be handing the election to Obama. Santorum is\\xc2\\xa0SCARY conservative. He wants the government to be all up in peoples' business and I wouldn't be surprised if a President\\xc2\\xa0Santorum created a Morality Police.\\nI believe the majority of Americans are moderate and what this country needs is a moderate. I am so tired of us swinging from extreme left to extreme right and back again."""
250,0,20120612114712Z,"""We can tell by their mugshots who is Pinky and who is Brain...lol"""
260,0,20120612051458Z,"""Yeah I know, I am being a troll on purpose. I still and will always be known as JSKop. I do not have to change my account every few days because I'm awesome like that. I can troll one day and the next be taken seriously by everyone."""
270,0,20120612011146Z,"""Uh,if the autopsy plus the exam of the girl prove that he WAS raping the daughter, then he was caught red-handed, which doesn't fall under the category ""innocent until proven guilty."" If you wouldn't do the same thing in that father's shoes, then you don't have children."""
280,0,20120530004342Z,"""I stand corrected that was the memphis series but they beat the heat in 6, then this yr okc swept mavs due to player improvement"""
290,0,20120529024542Z,"""I dont know about a high chance, but definitely a chance."""
300,0,20120610095854Z,"""dcjohn: have you heard some of the white folks down in good ""ole"" louisiana speak? if you turn your backs you can not tell one from the other. it has to do with location and where you are born mostly. come to my state also, some of sound like our friends from the ""hills"". there is no such thing about being ignorant or uneducated just because you have an unusual accent.blacks speak in all languages depending on where they are from; from the Queen's  english to french, or gullah, or islander or spanish. blacks are very adaptible where as other groups are a ""closed knit bunch""."""
310,0,20120529194854Z,"""be careful picking it up. For that price it could easily be an Admiral Ackbar."""
320,1,20120620140603Z,"""You are a child."""
330,1,20120610105706Z,"""WHAT THE FUCK SUN!!! WHY ARE YOU NOT POSTING MY COMMENTS!!! ILL TELL YOU WHAT I WONT FUCKING BOTHER WRITING MY OPINIONS THEN!!! ILL JUST FUCKING SAY NICE THINGS ABOUT ALL THESE SYSTEM ABUSING SCUM BAGS SHALL I.............DECENT"""
340,0,,"""Sorry, I hate to be one of *those* people (if they exist here. haha) but, I posted this juts a few minutes ago in the old thread and I wanted to move it over here because it\\'s a bit mind-blowing.\\n\\nFrom her letter to Tiger Woods:\\n""The world seems to be all up in your business, and I\\xe2\\x80\\x99m sorry about that. I really am. What happens in your life, in your car and in your marriage should not be a public issue. Unfortunately, because you are a public figure, sometimes your private life does become public. I guess it comes with the territory and maybe you\\xe2\\x80\\x99re used to it by now. It still must bite, though......Of course I long for you to own your mistakes, Tiger. If you aren\\xe2\\x80\\x99t already, and I hope you are, man up to the pain you caused your wife and family. Let the hot searing anger she has for what you did change you, not harden you. It must be a hard road to walk, both for her dealing with what you have done, and for you, making sense of where to go from here when you are in the public eye the way you are. Stand behind your actions by way of fully admitting and acknowledging them to yourself. Don\\xe2\\x80\\x99t lie to yourself or pretend they aren\\xe2\\x80\\x99t as bad as others think or that somehow you were justified. You weren\\xe2\\x80\\x99t. You are reaping what you sowed, Tiger. Own it. But see, whether you acknowledge all that publicly to your fans is entirely up to you. It makes no difference to me if your public apologies are detailed or not. For it is not us you need to be apologizing to. Because you are well known does not make you accountable to the public. Share only what you want, and keep the rest private. Keep it all private, if you can. But, and I speak from painful experience here, coming entirely clean does feel good. Really good....\\n\\nTonight, I am praying for restoration for your marriage. Having almost lost mine, because of my own sin and pride as well as that of my husband, I now hold redemption in marriage in such high regard....But my advice, as someone who has been there? Don\\xe2\\x80\\x99t hide it. Own it. Embrace it. Learn from it. Change your ways. Feel repentance. Apologize to your wife. Seek counseling, lots of it if you can. Let the searing pain and guilt and remorse you hopefully feel inspire in you to see yourself for what you are: A wretched sinner in need of forgiveness.\\n\\nYou, your heart, and that of your wife and children are what matter. Focus on them, on saving your marriage, if that is what you want to do. And truly, my husband and I pray that it is what you want to do.""\\n\\n"""
350,1,20120529211714Z,"""before calling others stupid you gay piece of shit you should check the spelling of your own username because it seems that you forgot to complete its spelling. Dild....o? Dildo? *ur extremely gay"""
360,1,20120515211543Z,"""You really are a fool."""
370,0,20120619161348Z,"""You take the money, represent the child molester and hold your nose.\xa0 You don't try to look like you're enjoying it."""
380,0,20120620160808Z,"""This is the same Obama who slandered GHW for an\xa0\nExecutive\xa0Privilege\nclaim."""
390,0,,"""This article is porn for women. Seriously, i think this is one of the main things that woman find disappointing in a marriage/relationship with a man. You are a good person with a lucky wife!"""
400,0,,"""another hot button election smoke screan. The realalty is WHO CARES.\\xc2\\xa0 The gay comminity should be allowed to have the same difficultries the rest of us go throught.\\xc2\\xa0\\xc2\\xa0 I agree with Christie put it on a ballot for the public to vote on.\\xc2\\xa0 This way repubs can do what dems do take no ownership of this.\\xc2\\xa0\\xc2\\xa0 really who cares"""
410,1,20120610033747Z,"""BudweiserB11\nshut up ignorant fool poland ruled over half of russia in the real times of history when guns and weapons weren't even heard of. Im sick of you ignorant idiots trying to take a shot at history ****ing loser.\n-------------------------------\n\nWho are you responding to? And I know what you're talking about. Byli\u015bmy pot\u0119g\u0105 z Husari\u0105."""
420,0,20120528222135Z,"""Iran has already done it by proxy.  You have no idea what a brutal regime this is."""
430,0,20120619222922Z,"""Attention women. If you are being followed/stalked late at night and your stalker starts a confrontation. Don't fight back because if you do and start to beat the heII out of your stalker they can pull a gun a shoo t you. Then claim self defense."""
440,0,20120527180936Z,"""Hmmm...\n\nYou claim that ""Iranians ...have not started a war in 200 years.""\n\nYet I clearly recall a series of seemingly never-ending wars between Iran and Iraq in the latter part of the last century, so who started those wars?\n\nJust curious."""
450,1,20120620133005Z,"""Oh NO! Somebody DELETED my comment. You all KNOW the RULE: 1 delete = 50 REPOSTS. Here we go:\n#38 Bill O is furious that Obama isn't getting the US more involved in the fuckedup places in the world. You know Internationalist Rubish Murdouchebag signs his paycheck funded by Internationalist Saudi ROYAL Aldickweed. Yeah Bill get the tea-tards stirred up the US is not playing Murdouchebag-Aldickweeds agenda like the Bushies. Ron Paul was right about you foxtarrds."""
460,0,,"""@SocialMedia411 New Twitter Brand Pages: http://t.co/pX2n02qY II  Interesting to see merchants - thought leaders or just sales people?"""
470,1,20120320154020Z,"""henri? Your a gutter moron and the lies you sprew mean nothing. You're an inept lil' piece of garbage that no one takes seriously. You're just in here to get the attention you lack in real life scooter. You're quite pathetic"""
480,0,20120528222536Z,"""your WS \na fluke"""
490,0,20120611214724Z,"""... except the People's Republic of California."""
500,0,20120610154739Z,"""When does an accident become an accident, such a question is best answered by the victim of such a misfortune. I bet if the victim happened to be your most loved one your perception of an accident would be totally different especially when you know there is arrogance on the part of these motorcade free riders. Would you in such a situation call yourself an idiot"""
510,0,20120610135421Z,"""lmao i love how kakashi keeps stopping yamato from comfronting naruto. i realize something shippuden is all about sasuke."""
520,0,,"""Get a brain transplant....see sense...granny"""
530,0,,"""Manu was cleared by doctors for minor basketball work with his hand."""
540,1,20120610021448Z,"""Fuck you Luther Abel"""
550,0,20120610003518Z,"""Hahahahahahahaha!!!!!!!!!\xa0 Hahahahahaha!!!! Good one porno.\xa0 I used to think somewhat like him when I was young. Pretty insane,huh?"""
560,0,20120612051852Z,"""LOL Why would you even bother with this low rent white trash, Mama? You remember what Forest said. ""Stupid is as stupid does."" Even ""Daddy"" can't save that little girl from this one."""
570,1,20120610011454Z,"""Obama can't stand up to being vetted.\xa0 That's why the POS sealed his records.\xa0 You don't evenko who that loser in the white house really is."""
580,0,,"""You are bang on the money. Fox News is just as bad as Media Matters if not worse but BOTH sides see themselves as the saints and the other as the devil. Fox News running this story amuses me very much.\\n"""
590,0,20120612025831Z,"""How did\xa0 this country elect so many crazies?\xa0 What is going on in America?\xa0 We used to be proud of this Country because we had something to be proud of, but now!!!\xa0 All we have are a few good people and a bunch of crazies!\xa0 Is there something in our water?\xa0 What is happening to the people in this country that makes them act like scott, brewer, walker etc?"""
600,0,20120610053900Z,"""Have any of yours stopped ogling each other long enough to evolve past monosyllables and cute attempts to use vocabulary you don't understand?"""
610,0,,"""Who gives a rat's rump what Geithner says or thinks? Really! He has proven to be an incompetent Obama puppet and his failures are stacking up faster than pancakes when Rosie O'Donnell raids her local Waffle House. \\n\\nThis guy is going down faster than Janet Napolitano when Elena Kagan comes to visit. (Sorry for the visual. It made me puke too)."""
620,0,,"""Buenas, como afiliados que somos te dejo el enlace a la traducci\\xc3\\xb3n en Guild Wars 2 Spain:\\n\\n \\n\\nhttp://www.guildwars2-spain.com/guild-wars-2/articulos/350-orgullo-salvaje-de-los-jotun"""
630,0,20120528013107Z,"""Nana I got my first pair of NB shoes a few months ago and and they have really worked out well for me."""
640,0,20120515205912Z,"""You missed some bran in your diet. :-)"""
650,0,20120530025015Z,"""But they don't want any of them living in their community."""
660,0,,"""""skimpy lingerie""?? Hardly.. The reporter needs glasses. Ive seen more flesh on show in a nunary..."""
670,0,20120529205913Z,"""But, Vicky<2, you lie all the time..."""
680,0,20120530061214Z,"""So are you,\nnow go to bed boy"""
690,0,20120611234113Z,"""Aside from calling the police you should contact the BDN and tell them what you saw so they fix this false article."""
700,0,,"""Woot, I detect the usual liberal vibe of race injected into your post.Let me make it easy on you, without knowing your skin color being it doesn't matter a wit to me.\\n\\nBlow it out your ass.\\nWas that straight enough to the point for you sir?"""
710,0,20120528001052Z,"""@YinzerinCT\xa0\xa0@akus\xa0\xa0@SusieMo\xa0I'm fairly certain this blog has the most Dany Heatley references per capita than the rest of the internet combined.\n\xa0\nand we're not even a Wild blog"""
720,1,20120528224941Z,"""Good riddance you drug abusing loser."""
730,0,20120530140340Z,"""Do you realize how many people get DUI's and retain their job?"""
740,0,20120610012255Z,"""the number of invasions your ancestors were subjected to, the invaders having their ways with your grandmothers, is obvious by your complexion.\n\nGood point."""
750,0,20120530055710Z,"""It's also nice when Saban can sign 120 kids every 4 years compared to a normal non SEC teams 85"""
760,1,20120611045550Z,"""XSHOGUNX'S EYE ARE SPREAD FAR AS FUCK. HE LOOKS LIKE HE HAS DOWN'S."""
770,0,20120611170155Z,"""How could he not? I had to drive to Chicago to see <I>The Girlfriend Experience</I> in a theater. I doubt I'll have to go that far for <I>Magic Mike</I>, but I'm fully prepared to."""
780,1,20120502164530Z,"""Many\xa0Sri Lankans\xa0talking shit\xa0as usual.\xa0we\xa0must build\xa0sri\xa0lanka\xa0we\xa0must work together.\xa0when\xa0will you\xa0understand that??"""
790,0,20120619192450Z,"""I think you're still tired, either that or you just didn't proof read and wrote it out too fast. ""shelby was beside herself when she got to drive her intoxicated brothers home"" ????\xa0\n\nof course we all know you meant UNCLES\n\nI am so glad yall had fun. I think everyone of you needed that even the girls! especially bobby."""
800,0,,"""Would someone please send this guy a blow up doll of Obama with a 55 gallon drum of KY and be done with it . . ."""
810,0,20120612003619Z,"""There was no ethnic cleansing. Flag the spam."""
820,1,20120609195830Z,"""If u didnt give a fuck what i was saying why is ur dumbass replying? Clearly u are ignorant and unsophisticated."""
830,0,20120609235424Z,"""With their imminent Defeat in Iraq and now Afghanistan. The head of Snake of Imperislism be cut off in Syria by the brave people of the Region with support of Russia, China and Nations standing for Justice and Equality."""
840,0,20120612082332Z,"""Have your country found PUNEET PUNEET yet. Your burn our flag. Your country is corrupt and the Indian people are do gs. Pay peanuts and get stupid fken indians"""
850,0,20120502160843Z,"""And of course we have the added benefit of the poor 19yo who will now forever drive like an old lady for fear of hitting somebody else. On behalf of all drivers who will get stuck behind the slowpoke in future i would like to say to the girls - Fuck You Very Much."""
860,1,20120618221552Z,"""NO FUCKING WAY??!!!! You can't leave us! Can't you knock over an old lady or something? Turn tricks? Blackmail someone? \n\nFUCK! NOOOOOOOOOOOOOOOOOOOOOOO!!!!!!!!!!!!!!!!!!!!"""
870,0,20120527192643Z,"""1-0???\n\nWhat game are you watching?"""
880,0,20120611170221Z,"""""Oh! Oh! I got an idea! How 'bout we do a song that's not whiny bull crap?\u201d - Peter Griffin talking to Coldplay in Family Guy Season 8, Ep. 16\n\n'par' (I think I'm starting to like this word, not entirely sure I'm getting the usage correct)"""
890,1,20120320214019Z,"""And you're a big phat, brown, stoopid libturd..."""
900,0,20120528181113Z,"""<b>;-)</b>\xa0 LOL. .. just bustin' your chops... he's already been on base today- you must be doing good !"""
910,1,20120610043808Z,"""Well then the OP would learn that she cannot diagnose herself with Aspergers, and that self-diagnosis is a bad thing leading to people whom act stupidly because they think they have some disorder/disease\xa0that in actuality, they don't."""
920,0,,"""are you talking about the conservatives that cheered the idea of letting a man d ie if he didnt have insurance?\\n\\nor the conservatives that booed a gay soldier currently deployed."""
930,1,20120620010449Z,"""HEY KRYSTAL: YOU STUPID IDIOT WHO Can't Understand Normal Thinking.. fhuck off you howre"""
940,0,20120612015713Z,"""He regretted killing him so quickly."""
950,0,20120502160111Z,"""oh didn't you know they are irreplacable! (Just ask them)"""
960,0,20120529060616Z,"""Thanks Kosh I am very happy being normal"""
970,1,20120609171430Z,"""You are a fucking idiot."""
980,0,20120502172225Z,"""So what happened when you wandered off into the woods during your brothers swim meet? Sounds like Deliverance."""
990,0,20120528015319Z,"""N\xe5gonstans missar Sigfrid\xa0principfr\xe5gan det g\xe4ller n\xe4r han drar paralleller till bilk\xf6rning och droger som inte alls \xe4r relevant till fr\xe5gan om r\xf6str\xe4tt s\xe5tillvida att han inte anser att barn/unga ska ha m\xf6jlighet att kandidera till riksdagen.\xa0Eller \xe4r han m\xe5h\xe4nda r\xe4dd f\xf6r att bli utmanad av n\xe5gon politiskt insatt sju\xe5rig aspergare?\n\n\nJag f\xf6rst\xe5r Sigfrid (med r\xe4tta) har en ogrundad r\xe4dsla f\xf6r att minoritetspartier (s\xe5 som PP) f\xe5r m\xf6jlighet att p\xe5verka i st\xf6rre utstr\xe4ckning om unga ges r\xf6str\xe4tt. Men det finns fr\xe5gor som ber\xf6r alla medborgare oavsett \xe5lder t.ex\xa0\xa0fildelning, skolpolitik och studiebidrag. Man b\xf6r dessutom inte dumf\xf6rklara det allm\xe4nna och f\xf6ruts\xe4tta att det besitter tillr\xe4ckligt med r\xe4ttspatos f\xf6r att inte r\xf6sta igenom n\xe5got s\xe5 absurt som s\xe4nkt \xe5ldersgr\xe4ns f\xf6r att k\xf6pa alkohol (\xe4ven om det nu faktiskt inte \xe4r ett problem att f\xe5 tag i s\xe5dant eller k\xf6ra bil oavsett myndighets\xe5lder och k\xf6rkort). Varf\xf6r det\xa0dras\xa0till in absurdum?\nAtt unga eller barn inte ges r\xe4tt att v\xe4cka\xa0opinion n\xe4r en relevant fr\xe5ga (f\xf6r dessa) lyftes \xe4r bedr\xf6vligt ur demokratisynpunkt. Men Sigfrid menar\xa0kanske inte\xa0att barn klassas som medborgare? Det \xe4r synnerligen skr\xe4mmande med en s\xe5dan snevriden syn p\xe5 demokrati (allra minst fr\xe5n en av v\xe5ra folkvalda) d\xe5 dessa otvivelaktigt har ett svenskt medborgarskap vilket per definition b\xf6r ge dom r\xe4tt att p\xe5verka. Barn \xe4r folkets framtid och ska med r\xe4tta ges m\xf6jlighet att p\xe5verka om dessa s\xe5 \xf6nskar.Det p\xe5st\xe5s att debatten ska f\xf6ras p\xe5 en\xa0n\xe5gorlunda\xa0h\xf6g\xa0intellektuell\xa0niv\xe5. Men det \xe4r ju precis tv\xe4rtom, det g\xf6rs inte eftersom inte ens vuxna klarar av att v\xe4lja vettiga politiska f\xf6retr\xe4dare eller s\xe4tta sig in i vad exakt en r\xf6st (p\xe5 t.ex moderaterna) inneb\xe4r.\n\nVi b\xf6r str\xe4va efter ett samh\xe4lle d\xe4r vi v\xe5gar f\xf6r\xe4ndra saker och ta ut sv\xe4ngarna en bit i taget. I v\xe4rsta fall \xe4r f\xf6r\xe4ndringarna\xa0reversibla.\n\nI korthet. Ja till att ge yngre medborgare r\xf6str\xe4tt om dom vill utnyttja denna. D\xe4remot kan man beh\xf6va besluta om att partier inte f\xe5r nyttja fulknep f\xf6r att vilseleda v\xe4ljare innan detta beslutas, vilket \xe4r en fr\xe5ga som beh\xf6ver arbetas igenom innan ett eventuellt beslut tas, allt f\xf6r att s\xe4kerst\xe4lla att politiken blir mer transparent."""
1000,0,20120529112532Z,"""Looks like there's fixin to be a shootout"""
1010,0,,"""We don't blow up our wives and children in the name a allah, nor did we murder 400,000 in Darfur.\\n\\nLets not compare apples and oranges. \\xc2\\xa0"""
1020,0,,"""Oliver Stone\\'s kid or babies daddies uncles\\' brother\\'s cousin..is not news. Who cares what\\xc2\\xa0religion\\xc2\\xa0he is(I would like to be him when is ""New brothers"" hears the comment he had not abandoned Christianity or when the change his mind about his Jewish blood. (Not talking about Muslims in General just the ones that blow stuff up)"""
1030,0,20120619143428Z,"""sure they will.. 1 pitcher does not make or break a rotation especially when you have the depth the Reds have.. he wasn't expected to come over and be the number 1 he was brought over cause he has the potential to be a #1 that whole deal was basically based on potential and the Reds got the better of the deal.. Calm down no need to point out what he has done so far we all know lets talk about how to get him back to where he was so we are getting out of him what we all expected.. this team is going to the playoffs regardless of his performance it would just be nice if he contributed like he should be and i fully expect that he will pay dividends sooner rather than later"""
1040,1,20120320160208Z,"""Stop acting like a bitch. \xa0He was a kid for goodness sake."""
1050,0,20120530030326Z,"""Thunder fans are praying they toss duncan"""
1060,1,20120530091613Z,"""To the idiots posting on here who think racism is alright....\nWell it is nor and if you were a victim of racism then you would know...\nI feel like Balli too and I would kick off as well even if meant i got arrested....\nDid you seem them dumb fkin poles and ukranians racist bigots.....\nRacists have a place; sure they do.....in the fkin gutter....\nAnd you know what would stop racism immediately or bring it to the forefront....if the racists were to throw swastikas at all the jewish players; I bet the football bodies would take note immediately....."""
1070,0,20120619224149Z,"""Guess what OP? I'm a <i>real girl</i> that <i>likes</i> wearing make up, <i>likes</i> wearing my hair down, <i>likes</i> being dressed nice, and sucks at Call of Duty. <s>My strategy is to spin in a circle and shoot everywhere. Shoot those motherfuckers.</s>\n\n\nWhat now?"""
1080,1,20120620175331Z,"""Rob, you have proven your point already. We understood - you are an antisemit. You can relax now."""
1090,0,20120619025608Z,"""His wrist might be bothering him. He's got a chip floating around in there."""
1100,1,20120320202256Z,"""Provide Proof faggot."""
1110,0,20120529223205Z,"""Why don't you think he'll be worth it?"""
1120,0,20120620020918Z,"""Durant needs to do something fine a way to get him free."""
1130,0,20120611181753Z,"""THERE IS NO WAY ROGER MAYWHEATHER SAID THESE THINGS. HIS ACCOUNT WAS DEFINETELY HACKED INTO. NO MAN OF HIS POSITION WILL SAY THESE KIND OF THINGS. I MEAN, HE WOULDN'T TALK ABOUT ANOTHER MAN'S WIFE IN THAT WAY."""
1140,0,20120514050733Z,"""The fucking website said it worked for A4 devices only; now I'm in \n5.1.1, don't have 5.01 shsh blobs (just learned about those), ifaith \ndoesn't recognize my ios, and I have two different redsn0w versions that\n now don't mean shit. It's great that you guys work so hard, but \nplease... check your posts!"""
1150,0,20120611190438Z,"""clintons shirt should read way to go Barry i screwed a intern you screwed the whole country"""
1160,1,20120610193549Z,"""You are an idiot.......why do you even bother..??.Wasted words."""
1170,1,20120612130916Z,"""You stupid f uuu c \xa0 \xa0k. I hope you die the same way she did."""
1180,1,20120620073123Z,"""All these news are planted and for getting some extra media attention - that's all ..............................................bloody fucker ............ranbir fucker kapoor."""
1190,1,20120620111856Z,"""And odumbo is an old lying,inept,loser,communist,ni66er,what's your point?"""
1200,0,20120620120256Z,"""pretty much the same thing happens\xa0to most of the animals in factory farms. This keychain business is horrible, but remember so are battery chicken farms, dairy farms and so on. know how food and clothes and everything you use is produced. Often there are animals that suffer to produce those things. utilize the internet, know the truths! It will change your diet and the way you live :-)"""
1210,1,20120619112530Z,"""You don't wear your brain bucket ....you only hurt you and your family. You become impaired you have the ability to hurt everyone."""
1220,0,20120502171911Z,"""Moral of the story:\n\nWhen defending your family, property, and self against a prowler, shoot to kill so they can't come back and sue you."""
1230,0,20120530115933Z,"""well he was the greatest Yankees Manager ever"""
1240,1,,"""It's not being a Liberal that makes you like an idiot, it's when you try to defend this POS POTUS that makes you look like an idiot!"""
1250,1,20120611014440Z,"""You are a LOSER."""
1260,0,20120612130657Z,"""Whhhhhyyyy???\n\nAlso - Yes David was a secret arsehole."""
1270,1,20120320180425Z,"""That second year of fifth grad was a big fat waste of time.\xa0 You are one sad, ignorant, liberal troll."""
1280,0,20120612104920Z,"""jeffreed\nWhat makes you think that undocumented humans don't pay taxes?"""
1290,0,20120619131407Z,"""Mubarh ho subh pakistanio ko"""
1300,1,20120611184257Z,"""The waste of time here is you and your comment"""
1310,0,20120529161900Z,"""""I picked the Celtics, so the Heat can get motivated and win""\n\n-Skip ""water pistol pete jr"" Bayless"""
1320,0,20120619035915Z,"""Have you ever thought that they actually wanted a ""smooth transition of power""?"""
1330,0,20120529132553Z,"""@mahstah someone get this intel to america.\xa0 the time to strike is nigh"""
1340,0,,"""@Powkat Phil Gingrey explicitly endorsed the position that while the OCO is fake spending, the SGR is a fake saving, so using the two to cancel each other out is perfect."""
1350,0,20120609203522Z,"""With 192+ Cease Fire violations we were treaty bound to resume hostilities, the only question is why didn't Clinton pull the trigger instead of look the other way."""
1360,1,20120529075742Z,"""Cheap\xa0pathetic references to Nazi Germany, you dont know how good you have in this country A-Hole!"""
1370,1,20120611032836Z,"""You suck. You probably don't have any friends. Your family probably abandoned you in disgrace. Go crawl back under a rock and do this world a favor and stop existing. You think you are cool because you think you understand the situation and call this man a coward and pathetic. Well congratufuckinglations. You just showed the world what a doouchebag you are. I don't know if its because you are emo or you think trolling will earn you respect but i don't give a damn. Go dig a hole, bury yourself in it and stay there. If you don't have anything good to say you better expect nothing back."""
1380,0,20120530132214Z,"""Congrats on the feature! Hope you feel better :("""
1390,0,,"""It must really suck to be so hated that you have to stack the deck with your media pals."""
1400,1,20120619164216Z,"""A crazy muthafucka named Gusto!\nI fucked ya wife cuz the bitch is a big ho!I fucked ya sister, I fucked ya cat!I woulda fucked ya mom, but the bitch is too fat!\n\nThat shit was way funnier than it had any right to be."""
1410,1,20120620130236Z,"""How do we know Terry Krepel is your real name.\xa0 If you are not a gutless coward, you'll provide an address and phone number.\xa0 Now, we are paying attention...don't be a gutless coward and p*ssy!"""
1420,0,20120619203148Z,"""Did you read the article? They never married. \n\nAnd YOU do give a crap because you're commenting...."""
1430,0,20120527180559Z,"""You can't make a bomb with uranium enriched to 20%."""
1440,0,20120528012648Z,"""No Brees = tank season for Bradley and start over\n\nSimple as that."""
1450,0,20120612161337Z,"""Those evil Syrian soldiers are eating babies, and the helpless civilians only want peace.  Why are the evildoers winning?  Why can't the white knights of pure Western goodness go do something about it?"""
1460,0,20120527210826Z,"""really risky pick! hes done now!"""
1470,1,20120515123018Z,"""With a screen name like yours, you need to s..t..f..u.."""
1480,0,20120529151443Z,"""You're smartest post yet.."""
1490,0,,"""Listen: \\xc2\\xa0I am anti killing, but I am not anti guns. \\xc2\\xa0I am anti DUI, but I am not anti cars. \\xc2\\xa0I am anti dog bites, but not dogs. \\xc2\\xa0I am anti shop lifting, but I am not anti merchandise. \\xc2\\xa0I could go on and on. \\xc2\\xa0I am anti gay marriage but not anti gays. \\xc2\\xa0Get the picture."""
1500,0,,"""@totnumfan Just about goalkeepers?They laugh at everything they will never have.They don't even know the meaning of the word ''legend'',since they have hardly ever had one. """
1510,0,20120527192822Z,"""Hey 2Hot you must be manny's CPA"""
1520,1,20120515233047Z,"""Poor deluded psychopaths. News flash, marriage is UNNATURAL. It is a construct of beings that have stepped out of nature for the most part. Construction, vehicles, technology.. all ""unnatural"" if you think about it.\n\nNow, if you're talking about the pairing off into couples by animals in nature, sure.. they do that. But it has never been about property rights for them, like it used to be for humans. And there are same sex couples in nature as well, since it's about making life easier in groups than it is by yourself. So, by THAT fact and the logic that goes with it, gay marriage is AS natural as hetero marriage.\n\nYou fuckers never have a reasonable leg to stand on.. it's always your invisible sky fairy and some bullshit some cave dweller spewed 1800 years ago. Step into the age of enlightenment, you might like it."""
1530,1,,"""What a selfish slutbag. That fucking fat ass chubby cheeked bitch probably got mad because her precious baby boy was hungry. How DARE he eat food! Not only do children require food to grow and become helathy adults, but this bitch probably fed them HoHo\\'s and Twinkies. I can just hear her now ""Get off my food you little shit! That\\'s MY MotherFucking Twinkie! Momma\\'s got the munchies!"" Then, WHACK with a fucking hammer. What a cunt."""
1540,0,20120619014220Z,"""Wikipedia is an example of the ""dumbing down"" of our culture, aided and abetted by the internet.\nAlmost any nonsense can be posted on the internet, including Wikipedia."""
1550,0,20120618225006Z,"""Fucking hot!!"""
1560,1,20120612145250Z,"""And you are a weak bully!"""
1570,0,20120619160942Z,"""No, Karen, but my home is close by.  You will have a lovely time no matter where you are, and you'll have to come back and explore some more!"""
1580,0,20120610151536Z,"""Which is why I will not vote for the fucker again. He has been way too effective at the evil."""
1590,0,20120620001011Z,"""I hope we don't get a season three. Ratings were down again."""
1600,1,20120609190723Z,"""lil b drops mad shitty music because he wants you to sort thru it and find the good shit, lil b has some amazing songs, everything else he drops is just to piss of lil sensitive pussies like you"""
1610,0,20120610141959Z,"""Without changing medicare, it disappears into the well of insolvency...you do understand that don't you simple one?"""
1620,1,20120515155136Z,"""You must be one of the dumb ones.\n\nHere, let me explain it to you... when you have an inflated catheter inside you, pulling it out WILL cause permanent injury. There is nothing for this man to ""get over"".\n\nHe's been damaged and needs to be made whole again. Pay the man.\n\nAnd YOU, you need to go out to your local dollar store and buy yourself a new brain, the one you have currently doesn't seem to be working."""
1630,0,20120612073924Z,"""When the anc gets its house in order, 12th of neva!!!!! ha ha ha"""
1640,1,20120502081153Z,"""AND YOU POSTAL, WERE HATCHED"""
1650,0,,"""You may be many things but I doubt smart being is one of them. The details I referred to were  your ""Sun Profile"", not the story. No wonder the UK has gone wild. Perhaps you would be happier in a third world country!"""
1660,0,20120619065604Z,"""Lol I was like la dee dah, up until page 10 then I was like OMFG hot man on man surprise mindfuck!"""
1670,1,20120610201216Z,"""Are you really this STUPID?"""
1680,1,20120530132321Z,"""You do know you are an asshole and started all the shit with him. You Jews have been doing the same for years. Banning together to the detriment of decent people. Another reason most in the world would cheer for the Nazis today.&nbsp;"""
1690,0,20120515125131Z,"""Moss you are a real chop......wake up and smell the roses bud..."""
1700,0,,"""Hey....obamaheads......what ya gonna do when gasoline blows past $ 5.00/gallon?\\xc2\\xa0 What ya gonna do when it cost $ 100.00 to tank up your Toyota Prius?\\xc2\\xa0 Think I'm exagerating?\\xc2\\xa0\\xc2\\xa0 What ya think is gonna happen when\\xc2\\xa0Iran decides to go crazy and\\xc2\\xa0sink a tanker in the Straits of Hormuz, or suddenly launch an ICBM at Tel Aviv or even New York.?\\xc2\\xa0\\xc2\\xa0 No way you say?\\xc2\\xa0 Who would haver even imagined an Arab Srping sweeping across the middle east on such a vast scale.\\xc2\\xa0 You think that empty suit in the oval office is gonna come to your help.\\xc2\\xa0 Hell he wants to give the Arar Spring crowd $ 800 bil.\\xc2\\xa0\\xc2\\xa0 Why don't you suck it up and admit that you guys elected a doofus?\\xc2\\xa0 A doofus who will lead this country right over the cliff.\\xc2\\xa0 """
1710,0,,"""My recipe uses shallots, but if you prefer onions, that will work too."""
1720,0,,"""is it just me or is everybody sick to the teeth about this tevez carry on ??"""
1730,1,20120612001920Z,"""No KKKonservative SunMedia and fans here are the true racist, they are here all day everyday spitting hateful venom, I just do the same in reverse. If you have a problem with me, then say something to them! Unless you are a KKKonservative racist too? hmm."""
1740,1,20120503012622Z,"""You're a moron. I cannot believe people are complaining about freedom of choice."""
1750,1,20120610062627Z,"""so you fuck your 3 dogs, your a sick fuuk.\nby bitches i was talking about women.\nbut the point you just tried to make makes me want to fuk you up even more."""
1760,0,20120527194131Z,"""none really knows what obama is"""
1770,0,20120612141148Z,"""Dude.. you are arguing with a birther..."""
1780,0,,"""Okay Booby, I don't let my kids watch FOX cartoons or shows after 7 PM, because they sell and push sexual promiscuity no family values.\\n\\nI'm merely pointing out all the ass-clowns who are being duped by this International Media Giant that has an agenda. There is nothing Fair and Balanced about FOX, and they are definitely not promoting Family Values. \\n\\nBut they are very good at packaging it so morons believe they are..\\n\\nSo by all means continue to be programmed and watch your FOX news. """
1790,0,20120618214249Z,"""""You got all this payroll standing around..."" god, what a fucking great quote."""
1800,0,20120528223454Z,"""another 3up 3 down for zito would be nice"""
1810,0,20120515111510Z,"""Janab Haroon Sahib,\n\nImran Khan ko lower middle class ka likh kar aap nay apnay ghubbaray say hawa nikal dee. Bhai itna favoratism acha nahin hay, you will lose respect of your readers"""
1820,0,,"""<strong>Whom the Gods Would Destroy</strong>\\n\\n \\nIt seems that<strong> Obama, in a classic act of hubris, has created the means of his own destruction.</strong>  Through his great historical contribution, his health care bill, he has struck what was surely<strong> intended to be a lethal blow against the oldest organization on earth -- an organization with something on the order of a billion members, with a cadre of hundreds of thousands of highly trained and dedicated personnel, and a history of overcoming political threats that make Obama look like a kindergartner.\\n\\nI\\'m referring, of course, to the Catholic Church</strong>.  Now, I don\\'t mean that the Archangel Gabriel will appear out of the East to scourge the administration with a blazing sword, though I would pay to see that.  What I\\'m saying is that <strong>Obama has at last taken the step that we all knew he had in him, the ultimate act of arrogance and contempt that will bring the forces of history down upon him.</strong>\\n\\nThe left has always underestimated the Catholic Church.  ""<strong>How many divisions has the pope?"" Stalin once asked Molotov, mocking the Church\\'s powerlessness in the modern era.  He was not around to see John Paul II rend the Bolshevik kingdom in twain at the climax of the Cold War, utilizing the only forces he required: moral certainty and absolute faith in the divine mission.</strong>  Most American leftists are a little different, viewing the Church as an anachronism, obsessed with medieval ideas having no place in the third millennium and populated with strange figures in outmoded clothing, if not with an endless parade of child-molesters.  \\n\\n<strong>What they overlook is two thousand years of history</strong>.  An organization does not survive for that length of time -- and no other organization has -- without internalizing things not completely understood by even the deepest thinkers among us.  <strong>\\n\\nThe Church survived the fall of Rome, the barbarians, the first Muslim upsurge, several schisms, the Renaissance princes, the 20th-century totalitarians, and its own plunges into decadence, and it will also survive modernism.</strong>  Which is in fact what it confronts in Obama: a man of vast though superficial sophistication and little insight who has punched all the tickets available to him in his epoch and culture and truly believes there is nothing else. <strong> And now this man, afraid of revealing his own college transcripts, thinks he can take on the Church of Peter, founded a millennium before the appearance of any nation now existing on this earth.</strong>\\n\\n\\nRead more: http://www.americanthinker.com/2012/02/whom_the_gods_would_destroy.html#ixzz1mKnbY0d3"""
1830,1,20120609172329Z,"""Woowww, you really are an idiot... You need to go to school... Like really bad..."""
1840,1,20120612013605Z,"""dan_amd\n\n\n\n\nYou have realy no clue on every single idiotic comment of all your posts.\nWE ALL DON'T enjoy your stupid PRO AMD B:U:L:L:S:H:I:T ignorance.\nPlease crawl back then in the fat ass of your gay loving buddy charlie\ndemerjian semiinaccurate and try to find the light inside - U stupid FAG!\n\n\n\n\nWE REALY DON'T NEED AND WANT YOUR POST HERE ANYMORE!"""
1850,0,20120528151659Z,"""So are you better off now than you were before BHO was elected?"""
1860,1,20120619100502Z,"""your a troll bitch"""
1870,0,20120527161129Z,"""Are you serious?"""
1880,0,20120612002843Z,"""Riddell is just parroting the Brown's own propaganda\xa0about being a politician of ""substance"" over ""style"" (when he actually has neither)...\n\nDo we remember\xa0Brown's ""moral compass"" (shame about all the overweening ambition and bullying though)?\xa0 And that the ""clunking fist"" of ""Mr Prudent"" the ""Iron Chancellor"" had effectively ""ended boom and bust"" for us all (or had it?)?\n\nThe Telegraph is disgracing itself by publishing this abysmal journalist with her badly thought-through and uninteresting nonsense."""
1890,0,20120609171939Z,"""You are right!"""
1900,0,20120609190310Z,"""America... are you enjoying your corporate/government? \xa0You voted for it - don't complain when you get more of it with Republicans."""
1910,0,20120529041419Z,"""For some reason I'm in the mood to keep showing everyone fanart. XD \n\nThis fangirl cannot contain her love right now. ^_^"""
1920,0,20120529155643Z,"""Hey, dont try to make me look like the fool for thinking that way. You're here just as much as he is. lol"""
1930,1,20120529060054Z,"""you're an idiot"""
1940,0,20120611184642Z,"""If you want to make your online marketing video viral, you must be updated with the latest technological advancements, and make use of that on your next video. For example, if the camera you\u2019re using is a little bit outdated and produces low quality videos, then it must be time to purchase a new one. Or, if your editing software has limited capabilities, get another one that offers more capabilities that will improve the quality and life of your video."""
1950,0,,"""This whole\\xc2\\xa0 David Brock/Media Matters things now explains why so many of his trolls are homosexual activists.\\xc2\\xa0\\xc2\\xa0 When you read the bloggers, it at first seems like there are a lot of homosexual activists blogging, but it really is just one big David Brock \\xe2\\x80\\x9cBorg\\xe2\\x80\\x9d.\\xc2\\xa0\\xc2\\xa0\\xc2\\xa0\\xc2\\xa0\\xc2\\xa0 Usually, the David Brock Borg homosexual bloggers all say the same things.\\xc2\\xa0\\xc2\\xa0\\xc2\\xa0 They all slander Fox News.\\xc2\\xa0 They all slander Christians.\\xc2\\xa0 They all attack (in unison) whatever Republican candidate is at the top during any particular week.\\nDavid Brock \\xc2\\xa0wrote of his experience at Berkely:\\n\\xe2\\x80\\x9cAt Berkeley, I had no cause to associate conservatism with prejudice against gays. In the early \\xe2\\x80\\x9880s gay issues weren\\xe2\\x80\\x99t polarizing our campus\\xe2\\x80\\xa6since arriving in Berkeley I no longer put aside my deeper desires. With some hesitation, during my freshman year, I went on uneasy dates and had hurried \\xc2\\xa0s e x u a l encounters with other guys in neighboring dorms. By the end of the year I considered myself gay and had surprisingly little trouble accepting that reality\\xe2\\x80\\xa6.\\xe2\\x80\\x9d \\nDuring the summer after his freshman year, he writes, he was attracted to a fellow student (referred to in his book as \\xe2\\x80\\x9cAndrew\\xe2\\x80\\x9d), \\xe2\\x80\\x9ca blond, blue-eyed dreamboat of the Brad Pitt variety\\xe2\\x80\\xa6\\xe2\\x80\\x9d while they both worked with CalPIRG (the California Public Interest Group). \\n\\xc2\\xa0"""
1960,0,20120528204339Z,"""you are right 100% ..... Logical"""
1970,0,20120514051308Z,"""Boo!!! Mark Zuckenberg; you are a criminal. You will face your crimes, or face the penalties of you criminal behavior/thinking on Facebook."""
1980,0,20120529193244Z,"""90s Indians scariest offensive teams ever"""
1990,1,20120610001359Z,"""Jeezus...do you realize you are making a total fool of yourself? You are criticizing someone for not knowing enough about one of the lowest firms of expression."""
2000,0,,"""Funny and very honest.  Part of me thinks Ms. Bell is very gutsy for sharing that video, but the other part tells me that losing one's sh*t over a petting zoo critter is just a little this side of weird.  """
2010,0,20120530140333Z,"""No list is complete without Peach City in Brigham City. Now that is a burger joint! Also, how did Hometown Drive-in make the list in Laketown but not LaBeau's? LaBeau's put the ""R"" in Raspberry Shakes."""
2020,0,20120619145029Z,"""@cde2529cb2286129f8c64da529eb1620:disqus : Gunjan di...plzzzzzz mujh se naaraz mat ho :( you are angry coz i thought to close my ff? Di, maybe people don't like it? aur uss larki ne bhi kuch soch samajh kar hi comment kia hoga that my ff is not good :(....ab plz mujh se gussa mat ho......\n\n@ae479ceb1494fc0ba42da261fcea5830:disqus : Sadaf di,aap bhi mujh se gussa ho? plz aap tou gussa mat ho :( actually di, meri koi id nahi hai, aur na hi mein fb per hun.......mein tou comment bhi apni behen ki id se karti hun.....i don't have an id.....aur waise aap ka chat box wala idea bura nahi hai."""
2030,0,,"""o'neil is the best manager in the world, fact. love to see jose do what mart does. no chance."""
2040,1,20120609211608Z,"""Nope, it is a moron like you who needs to shut up"""
2050,0,20120610160701Z,"""Nigga didnt even pinch the bitch...he a cowered tho...deserved that ass whooping"""
2060,0,20120529124855Z,"""I like Season 4 OK. It wasn't as good as the later half of season 2/first half of season 3 but it wasn't terrible (or even merely bad)"""
2070,0,20120528000552Z,"""Any chance they served deep fried anything on a stick at this event?"""
2080,0,,"""They cant beat spanish players so they are trying these cheap shots..."""
2090,0,20120618191017Z,"""damn i need to stop regarding fuckign tvspot"""
2100,0,20120612030746Z,"""You are joking, yes??"""
2110,0,20120619010746Z,"""Hey Queeny...if you are litterate, which I doubt being into PCP and chit homie, read Zimmermans Police File with the Orange County Clerk of Courts:\n\nhttp://myclerk.myorangeclerk.com/CaseDetail.aspx?CaseID=5797428"""
2120,0,20120620035708Z,"""hahahahahaha snort hahahahahahahaha"""
2130,0,20120609211840Z,"""John, you need a female publisist...may I apply for this lifetime position in which I can attempt to enlighten you about our sex....you are soooo far away from ever finding a woman who will put up with your bullshit...where is your mother?\xa0 Time for you to have a talk with her...."""
2140,0,20120618232439Z,"""1979 - 2012 the Iran revolution has run its course. The world will be better off with a democratic Iran"""
2150,0,20120612144121Z,"""I'll just show them your comment history, and after they apologize to me, I'll make an appt. with my lawyer."""
2160,0,20120515221746Z,"""How did you know"""
2170,1,20120502142432Z,"""Steve you are proof that agism lives, and that there is really no age range for dumb ignoramus.\xa0\xa0 LOL"""
2180,1,20120620040538Z,"""Fuck you."""
2190,0,20120502135050Z,"""Touche! Apparently, you don't know what an anology is!"""
2200,0,20120529014408Z,"""How many commenters are you maliciously impersonating tonight, Jack White? \xa0\n\n\n\nEvery single time, Jake. \xa0Every time you maliciously thieve another's identity on this site for the sole purpose of castigating their character, you will be called out on it.\n\n\n\nJack Dale White---- ""DefeatObama"", ""Jake2"", ""JBoboJake"", ""JBoboJake5""--- is the paid political operative responsible for this filth. \xa0 He has maliciously stalked these boards for 3 years, libelously impersonating over 3 dozen individuals--- over 2,000 times--- to degrade and defame their characters and thieve their 1st Amendment rights in this forum.\n\n\n\n\n\nHe impersonates ""Joe"" through:\xa0 http://disqus.com/guest/429500a5a54600958c9c7ac032a37f66/\n\n\n\nHe impersonates me through Disqus profile: \xa0\n\nhttp://disqus.com/guest/5345b08d618e3b24c28ba7f032e9ef1a/\n\n\n\nHe impersonates Lloyd C through Disqus profile:\n\nhttp://disqus.com/guest/768cfabe0589899e2e5c769b742f1fb1\n\n\n\nHe impersonates Gone Fishing through Disqus profile:\xa0\n\nhttp://disqus.com/guest/bf415db24b853866500228e3b7ed3050/\n\n\n\nHe impersonates Party Of No Plans through Disqus profile:\n\nhttp://disqus.com/guest/b38e94fffb28f773740f3031ad23b519/\n\n\n\nHe's impersonating Carl1 with Disqus profile:\xa0 http://disqus.com/guest/96c5fb8607cafbccfddb5df64c19cf9d/\n\n\n\nHe impersonates Sam through: \xa0http://disqus.com/guest/e14db5917a9a6b8db1e2b3b60a59ada5/\n\n\n\nHe additionally creates hundreds, if not thousands, of fake personas to coat these boards with false right wing rage.\xa0\n\n\n\nCurrently writing as ""President Obama"" through Disqus profile:\xa0 http://disqus.com/guest/fed4888d847809871fb723075c346c0b/\n\n\n\nAs ""Moochelle Obama"" through:\xa0 http://disqus.com/guest/1ebc32c259d2b92db8558c827c2fef06/\n\n\n\nAs ""Anti-Lib"" through: http://disqus.com/guest/16e0d64a56b87e28cd7f00ebf32cc1ec/\n\n\n\nAs ""Not Jake or Jack"" through:\xa0 http://disqus.com/guest/7c1ff426e767c2e098e317fa8446755d/\n\n\n\nAs ""Monica""\xa0 through:\xa0 http://disqus.com/guest/ae869fcb762589d1990f77ec79086493/\n\n\n\nPlease call or email The Hill's Comment Moderator, Mr. Emmanuel Touhey, to INSIST that The Hill finally stand by the Terms and Conditions that they established to guide the rules for order here--- which Mr. White has outright said he will NEVER follow unless prosecuted by law.\n\n\n\nWhile the defamation case progresses against him, please call or email the moderator to get Mr. Jack Dale White evicted from this site for all that he has done to burn this site's dignity to the ground.\n\n\n\nEmmanuel Touhey, Comment Editor\n\n(202) 628-8500\n\nemmanuel.touhey@thehill.com\n\n\n\nAnd the lawyer to whom The Hill egregiously throws all complaints about Mr. White in order to avoid having to deal with them:\xa0\n\n\n\nMr. Jeremy Feigelson\n\n(212) 909 6000\n\njfeigelson@debevoise.com\n\n\n\n\n\n""All that is necessary for the triumph of evil is that good men do nothing."" \xa0 \xa0 \xa0 \xa0 \xa0 \xa0 \xa0 \u2013 Edmund Burke\n\n\n\nDO something."""
2210,0,20120619121216Z,"""did anyone else shit themselves after 1:37?"""
2220,0,,""">A fully reserved Tyranid army built right can indeed exploit the current Internet meta lists.\\n\\nHow? You make this claim several times but don\\'t present any kind of strategy, evidence, or anything else. How are you ""exploiting the meta""? How does the army deal with mechanized lists and mobile armies?\\n\\n>The long answer is yes but it will require near perfect play and some degree of luck.\\n\\nWhy do you feel that a reserve army with perfect play/good luck can beat top tier lists, but other armies cannot? What makes it more effective in this regard?\\n\\n>I\\'ve also noticed that kill points are not often chosen as a primary \\nobjective at other events such as those that use the P/S/T format\\n\\nI can\\'t speak for your experience, but most such events that I\\'ve seen have three objectives that are randomly allocated priority, making KP no more or less common than the others. Moreover, giving up KP is hardly the main disadvantage of the list; others rank much more significantly.\\n\\n> Note that roughly 75 percent of your army should arrive during the second turn\\n\\n:| Math, huh?\\n\\n>Many of the units in my army are fast due to fleet so I can quickly redeploy much of my army as the game progresses\\n\\nFleet doesn\\'t make you any faster than anything else. Other infantry can Run, and tanks are flat-out faster than you thanks to being able to move 12"" automatically rather than hoping for a good roll.\\n\\n> Imperial Guard armies heavily rely upon their Chimeras to protect their\\n scoring units so you want to prioritize targeting their transports...\\n\\nAgain, how do you actually kill transports? The lists you present usually feature very little AT. Your Zoanthropes and Trygon are the only units that will be able to consistently kill tanks.\\n\\n>At the end of the day though the results are the same\\xe2\\x80\\x94no major wins for \\nTyranids in fifth edition at any big events and I don\\'t believe that is \\ngoing to change while fifth edition is still in effect.\\n\\nEntirely true- at this point, I don\\'t think that Tyranids are likely to take any major events, as too many factors are stacked against them. It\\'s not impossible to win with them, but especially in environments where mech lists are common they will struggle. So do you really think that your own list is going to be able to achieve this- that you\\'ll get ""near perfect play and some luck"" six or seven games in a row against other skilled generals to actually win a top spot?\\n """
2230,1,20120320165616Z,"""you is shit"""
2240,0,20120610161340Z,"""Beautiful, freecheese, just beautiful!\n\nA poetic verse of knowledge and wisdom - it should be posted in the Congressional chambers."""
2250,0,20120612015709Z,"""@SaintMarty Kovachoo was playing tonight?"""
2260,1,20120320145926Z,"""You are a piece of shit mr e=mc2!!\xa0\xa0 I hope you get shot in the face next time you and your fellow gang members break into someone else house.\xa0 SCUMBAG!!!"""
2270,1,20120611035601Z,"""jay is a bitch w no clue fuck that weak nigga. he probably got slept like that before"""
2280,0,20120530072320Z,"""espn ranked him #1 best player in nba"""
2290,0,20120610150736Z,"""SADDAM WAS INSTALLED BY THE US. He was even encouraged to attack Iran, which lead to the 9 year long Iran-Iraq war which caused over 1.5 million deaths you lying sack of....!!!! And regardless of how much better the Shah was than today's regime it doesn't change the fact that he was a F'in dictator installed by the US and he was kept in charge by CIA trained secret service!! If it wasn't for US meddling Iran wouldn't even have an Islamic regime today. Like most other asinine things the US has ever done, their dictatorial plans backfired and caused the entire population of Iran to become hostile towards the US. And no one is regretting Mubarak's leave, only islamophobes like you do. As for the Taliban, the US government knew ***damn well how savage they were!!"""
2300,0,20120528232954Z,"""NO BC, No greencard.\xa0 NO SOUP FOR YOU!!!!!!"""
2310,1,20120320185349Z,"""god, get rid of the shitty tattoos and piercings, another decent girl ruined !\n\nand she's not even from LA and got it tatted lol what a fuckin loser !"""
2320,0,20120529013619Z,"""I just Laugh at some of you trolls saying Weaver faked it. It just shows how little you know about baseball or sports in general. I bet you have never even picked up a baseball in your life"""
2330,0,20120529052153Z,"""1) 2) 3) 4) 5) 6)  stop with the stupid numerical stats, just admit it you wanna pork Wade!!!!!!"""
2340,0,20120529051203Z,"""shisui was born after tobi gave nagato the rinnegan......so thats a hopeless case."""
2350,1,20120610013823Z,"""Your are an idiot"""
2360,1,20120612063137Z,"""and you arent as much of a loser as them? \ni say you are just about worse"""
2370,1,20120320110156Z,"""Oh bore off you Stupid twat !"""
2380,0,20120610054801Z,"""I'll take your word on it."""
2390,0,,"""What are you going to do, watch your party keep minority people ignorant? Compassionate liberal, my.ass!"""
2400,0,,"""CITY WERE SO LUCKY DEFOE SHOULD HAVE GOT THE WINNER BALOTELLI SHOULD HAVE BEEN OFF !!"""
2410,0,20120529211426Z,"""Well nothing is torn so I don't get how much more injured someone can be. I think the Rangers are just being really cautious with Feliz"""
2420,0,20120612124131Z,"""Why the hell would you need extra storage?\n\nThats the same like asking, ""why the hell would you want free apps?"" Facepalm. You apple fanboys have no brains in your iHeads."""
2430,0,20120611182952Z,"""Unless it was the world wars war is now and always has been fought my the poor and disenfranchised it is simply the way society wroks"""
2440,1,20120515232428Z,"""<STRONG><A>YOU ARE A MEAN SPIRITED AZZHOLE.  POSTERS HAVE ASKED YOU TO STOP THIS!!!!  NO WONDER EVERYONE ON THIS BLOG HATES YOU!"""
2450,0,20120530022806Z,"""Again:\xa0 I wouldn't count on it.\n\nAnyone who continues to support the current empty suit is either totally deluded or a_traitor."""
2460,0,20120527164622Z,"""egypt will either have an Islamist or a high up from the last dictatorship as president, either way democracy won't last long"""
2470,0,20120502140507Z,"""Get Gungnir and Growlanser: Wayfarer of Time and you'll be touching your PSP all summer."""
2480,0,20120619145206Z,"""No. What's finally going to end this bullying bullshit is holding the parents financially responsible for the acts of their darling little miscreants.\r\n\r\nWhen they start laying&nbsp;whopping fines at the feet of the parents of the child doing the bullying, you'd better believe they'll be slamming the brakes on ""little Johnny's"" extracurricular activities faster than he can say the word Faggot."""
2490,1,20120320215957Z,"""Yea because I waste my time\xa0documenting\xa0your lunacy. Sorry dikhead we all know you and what you post. Unlike you we don't suffer from ADD"""
2500,0,20120529220300Z,"""What is the basis for your argument? \xa0It surely can't be solely the misplaced 'only'. \xa0Have your children had bad experiences in American Schools? \xa0I ask simply because you must be practically an expert on education in the United States in order to make your comments with such confidence."""
2510,0,20120620054951Z,"""How would you prove you are a citizen?\n\nA Birth Certificate?"""
2520,0,20120528220105Z,"""Well, ""all eternity"" is stretching it a bit... future inhabitants (if they can still read) will be puzzling over a few broken stones, and wondering, ""Who the Zhark was Elvas Priestley, and who was this Elmer Schmurd who followed him?"""""
2530,0,20120611222754Z,"""What a very\xa0fulfilling life you have at 33 - trolling other teams' sites to talk trash."""
2540,0,20120611222837Z,"""doug, your side lost that race to throw out a patriot i n order to placate hundreds of union thugs. \xa0 get over it."""
2550,0,20120502170302Z,"""Are you serious?"""
2560,0,,"""Nice video, it looks like you've used Animoto for that."""
2570,0,20120620042904Z,"""You mean like your post.  You read the column..."""
2580,0,20120619045722Z,"""But you are...."""
2590,1,20120320200522Z,"""Stick it up your ass-faggot. \n\nyou get another FLAG!!!!!"""
2600,1,20120320193306Z,"""Your Teabilly slutchild is just as ignorant as her mother.\nYou people are the trailer trash of America."""
2610,0,20120514051315Z,"""You and your sarcasm."""
2620,0,,"""THE FA NEED TO LOOK CLOSELY AT THE VT ITS A 3 GAME BAN BALOTELLIS NOTHING BUT TROUBLE !"""
2630,0,20120502190851Z,"""You are FINALLY starting to talk like a real guru."""
2640,0,20120529031201Z,"""@unit400 - \nObama - ""What, me worry??"""""
2650,0,20120530054147Z,"""I think this title better fits this article\xa0<b>donald trump doubles down on birther nonsense gets flogged by wolf blitzer</b>\n\nwww.mediaite. com/tv/donald-trump-doubles-down-on-birther-nonsense-gets-flogged-by-wolf-blitzer/"""
2660,0,,"""\\xc2\\xa0I would expect nothing less of pop-stars who suddenly feel the need to perform their satanic rituals on stage. Really nice one by the Babylon whore Madonna at the Super Bowl as well, complete with Eye of Horus and Baphomet poses. Or Lady Gaga doing a blood ritual at the MTV awards, that was a classic.\\nStrange times we live in."""
2670,0,,"""If we glorified rapists and made them sound all heroic would it become a RIGHT to be who they are? That's how they were born. They didn't choose to be that way they just are so they should have the RIGHT to rape any man woman child or animal. """
2680,0,,"""First of all the hero engine is STILL an x86 engine with huge graphical issues.\\n\\nSecond, MMO\\'s should not have so many large bugs, it was ok 10 years ago, but in modern games large bugs will kill it fast if a company expects people to continue paying a monthly fee for it.\\n\\nThird, the disclosure laws do not state where you must disclose that information, you will never see it in the actual article, only in places such as the stock holders information, typically released months after the article was published and rarely easily found by the general public.\\n\\nD, the game is incredibly linear and uses the same mechanics as any other MMO out there but with less graphics, less explorability and less fun, it is what one would expect from perhaps a single player kotor 3 with multiplayer options, not an ""innovative"" MMO, the same ol\\' same ol\\' is getting old and stale.\\n\\nLastly, I am tired of people comparing this game to WoW vanilla launch, that was 10 years ago, you are supposed to learn from past mistakes not repeat them. Any ""but when WoW was released"" arguments are simply asinine points.\\n\\nAll in all, the game is what one would of expected years ago, but not today.\\n\\nOn a side note of how poorly they coded this game, it runs 2 .exe\\'s for the same application, a huge no, no for video games because of the horrendous issues it causes, it simply looks like they cut corners and it is biting them on the butt now."""
2690,0,,"""I can`t figure out what makes me want to puke more.Its either Obozo when he gives his same old rerun lying speeches,or its all the brainwashed i diots smiling an clapping behind him.Ph ugk it, it`s both of them."""
2700,1,20120320110207Z,"""hatethehype you are an idiot. Neil was joking."""
2710,0,20120619164338Z,"""when you get a officer needs help call, you put your donuts down and you help; you don't wait to finish like a normal 9-11 call..."""
2720,0,,"""\\xc2\\xa0Freedom ain\\'t free... suck it up, quit whining, and make the effort to get the free ID...\\n\\nIf ""people will just not go through it"", then they don\\'t want to vote badly enough... We\\'re talking minimal standards here--kinda borderline pathetic!"""
2730,1,20120619132251Z,"""Say it isn't so, \xa0NBC caught editing tapes again, they\xa0has been editing stories for years to fit their FLEABAGGER viewpoint for years now, \xa0it is just that no one ever called them on it !!!! You all have to remember that MSNBC & NBC & all the rest of the FLEABAGGER LIBTARD networks are nothing but a bunch of FOCKING HACKS !!! I just can't wait until these FLEABAGGERS are off the air PERMANENTLY, there are 11 FLEABAGGER networks compared to the one conservative network, which is Fox !!!! \xa0Fox network has been beating\xa0all\xa0the FLEABAGGER NETWORKS in the Nielsen Ratings\xa0for the last 10 years, HA ! HA ! HA ! you STUPID FLEABAGGER LIBTARDS will never learn will you\xa0!!!!!!!!! You FLEABAGGER networks are losing viewership because of your made up news & even other FLEABAGGERS know the BULLSHlT you are up\xa0to & they don't appreciate it !!!!"""
2740,0,20120514050709Z,"""You don't know much about the 90s housing policy, do you?"""
2750,1,20120320215003Z,"""You are a lying son of a bitch. \xa0Let's see you post some facts supporting your assertion."""
2760,1,20120529201649Z,"""BACK OFF HATER'Z!\nJUST LEAVE THEM ALONE CUZ ITS NONE OF YOUR BUSSINESS BITCHES:)\n\nJUST IGNORE THEM OLSEN:):):);0:)"""
2770,0,,"""For all the people saying ""Well, thousands of people die everyday; suck it up, brat"": yes, thousands of people die every day, but your mother passing only happens once in your lifetime.\\xc2\\xa0 Yes, her family has money (I assume, but who really knows?), but having money doesn\\'t mean you\\'re equipped to deal with the sudden loss of a parent, especially when that loss leads the national news cycle for almost a week, and people are publicly airing your mother\\'s and your family\\'s dirty laundry. We don\\'t know the life this young woman has had for the last 18 years, but it\\'s safe to assume there were some rough patches; let\\'s give her and her family some privacy in their time of mourning (I\\'m talking to you, media) and cut this kid some slack for not handling it well as we think we might."""
2780,1,20120529144106Z,"""You either know that is a lie or you have not checked."""
2790,0,20120612000027Z,"""NO THEY AREN'T.  ONLY YOU AND YOUR 5 NAMES"""
2800,0,,"""Great review. Thanks for the chance to win some of these."""
2810,1,20120502202223Z,"""Why did they interview you?\r\n\r\nDid you commit suicide?"""
2820,0,20120529225030Z,"""What an incredible accidental tragedy.\xa0 Condolences, of course, and prayers for all."""
2830,1,20120618230510Z,"""And what happens when a bunch of religious fanatics defend a pedophile?\xa0 Gee, sounds like the Catholic church!\xa0 You are a disgusting piece of work."""
2840,1,20120320120258Z,"""Shudup and pay your fair share for a change you greedy cracker. \xa0You sound like a jew when yous tart whining about money, it's time you paided your fair share."""
2850,0,20120612053055Z,"""1. It's clean. 2. It's not shaved. Right there is all I want. If I'm eating your pussy, my dear, it's because I want to smell and taste you!"""
2860,0,20120619131321Z,"""I have on more than one occasion tried to engage you in decent conversation.But your into the personal attacks and name calling.I will correct you when you are wrong and pass on the ridicule. Let's see if you have any moral decency in you. Sting and surley seem to think so."""
2870,0,,"""@kevmille I haven't been to Sasebo. I visited Fukuoka once while visiting my cousin in Kita-Kyushu which is also nearby.  Fukuoka has a large arcade like you described in Sasebo.  Fukuoka is a nice place for a day trip."""
2880,0,20120529144135Z,"""Vote for Barack Obama.  Because if you don't, Mitt Romney will be your President."""
2890,1,,"""I hope you liberals/progressives/soc ialists/com munists who are commenting here are really proud of yourselves with your fi lth y comments about AB.\\xc2\\xa0 Keep it up.\\xc2\\xa0 It shows who you really are, a bunch of snarky, ha te ful, elitist, de cei tful, and dec eived useful id i ots of the dark.\\xc2\\xa0 Crawl away slim ers."""
2900,0,20120612141257Z,"""One of our best and most honorable Presidents."""
2910,0,20120502212212Z,"""I can understand your appreciation for Jack, but did you really have to let us know what people call you?  Next time please remember to check your punctuation ---you left the period out after ""starts""."""
2920,1,20120619004436Z,"""pepes list updated:\n\n\nBEST PLACE TO GET YOUR DICK SUCKED:\n\n\nHialeah swag's house\n\nbetween him and his mom te sacan la espumita"""
2930,0,20120612033650Z,"""Why don't the citizens of Chicago that live in that area protect themselves?  They can think Mayor Daley and the rest of the puking liberals for this type of violence.  Yes, that is correct.  The puking liberals have taken away the rights of the everyday citizen.  If every law abiding citizen had the right to have a CCW then things would be different.  I say, just go ahead and carry.  It is better to be judged by 12 then be carried by 6.  If a few of these punks would be shot by a citizen I believe the punks would think twice before attacking citizens.  And don't tell me it happens in other cities.  49 states have CCW and they do not have these types of problems.  \n\nWake Up people and stop waiting for the police to protect you and protect yourself.\n\nThank you"""
2940,1,20120320202742Z,"""sorry are you lost little boy the men are talking please take your whineing else were\xa0and notice how no body sad anything about cod"""
2950,0,20120528033150Z,"""""LEBRON, DURANt, YOU TWO DIDN'T DESERVE MVP.""\n'\n-Tony Parker"""
2960,0,20120515172057Z,"""Lucky you, Sasha, so what's your beef?  Other folks' taxes are paying for your ride."""
2970,0,20120529150126Z,"""2010 he rushed 18 for 60. 2011 52 for 170. I think the threat of him running loosened up the pass defense last year."""
2980,1,20120320122739Z,"""You can get treatment for your dillusional inferiority complex, you sad little troll."""
2990,1,20120320201831Z,"""No you are just stupid."""
3000,0,20120619075125Z,"""When you know you are little by little achieving your goals, It will help us inspire ourselves."""
3010,0,20120612002617Z,"""Gee, scholarships for blacks only, can you say ""racism?"""""
3020,0,20120609191013Z,"""The Boy just can't help it.\xa0 lol!\xa0 \n\n""A Slime a Day will keep Obummer Away!""\xa0\xa0 Go Slick Willy!\n\nI guess you really can't call it a ""slime"" when he is kinda telling the truth.\xa0 \n\nRomney 2012!"""
3030,0,,"""Nice one Gordon,you can do Becks pie n mash for him.Please stay there...\\n"""
3040,0,20120529153510Z,"""Calmer than you"""
3050,0,20120529205519Z,"""I've heard tell that there won't be any new POV characters in the next 2 books."""
3060,0,20120528200011Z,"""It's been done. Don't you read other people's comments?"""
3070,0,,"""As usual do-gooders again propose to punish users, rather than\\xc2\\xa0perps!\\n\\nSTOP tobacco growers, processors, and sellers!\\nYeah,\\xc2\\xa0we all know, 'prohibition' alone won't cure\\xc2\\xa0the cost of addiction or healthcare!\\xc2\\xa0 Law enforcement costs too much! Outlawing drugs doesn't stop stupid users or pushers!\\n\\nLegalizing drugs such as alcohol and tobacco encourages dependency, promotes deadly health problems AND encourages Liberal Democrats to steal our tax dollars to care for the suffering stupid AND to provide temporary\\xc2\\xa0jail-time\\xc2\\xa0for pushers!\\n\\nDeclaring murder and rape as criminal acts\\xc2\\xa0hasn't stopped either!\\xc2\\xa0 If caught, capital punishment hasn't deterred either!\\xc2\\xa0 Rules of morality and prayers hasn't deterred stupid behavior!\\xc2\\xa0 Education has also proven useless!\\xc2\\xa0 \\n\\nThere is NO\\xc2\\xa0sure solution to end stupid!\\xc2\\xa0 God has\\xc2\\xa0made it so and humankind loves gods!\\n"""
3080,1,20120529020838Z,"""That's not funny,,,whats funny would be your family watching you DIE of A $$ cancer, ha haa haaa"""
3090,0,,"""Media Matters actions could one day bite them in the ass."""
3100,1,20120529131247Z,"""@Bexxcc\xa0\xa0@bubzsucz\n\xa0YOU'RE THE SICKO YOU BITCH. YOU KNOW WHAT, YOUR WHOLE LIFE IS UGLY AND THERE'S NOT ONE THING THAT PEOPLE LIKE ABOUT YOU. GET A LIFE AND DON'T TELL ME WHAT TO DO BITCH I'LL PUNCH YO FACE TILL YOU TURN PURPLE"""
3110,1,20120609170552Z,"""NO WHITE PERSON WHO WAS NOT RACIST WOULD E V E R CALL THEIR FRIEND THAT. YOU ARE A BUNCH OF COONS. HER AND HER WHITE FRIENDS HAD A REALLY GOOD LAUGH!"""
3120,1,20120619174343Z,"""More idiots posting on a subject they nothing about."""
3130,0,20120611002541Z,"""Fuck all u niggas in Atlanta...how u like that Polk County NIGGA...."""
3140,1,20120610040447Z,"""you know you love when i give details like when you suck my cock and i say 'oh swallow me while i finger your asshole'"""
3150,0,20120611165256Z,"""The Keynsian economiic imperatives are obvious to almost all economists and the vast majority of lay persons who have read an introduction to economics course.\n\nHowever, the plutocrats who make the decisions have material self-interests that are inconsistent with the general prosperity. For example, corporations owned by the plutocrats are acquiring foreclosed and distressed real estate all over the globe for small fractions of their former prices. Also, the corporate plutocrats are breaking the already fractured bones of organized labor everywhere from Wisconsin, to Canada to Greece. \n\nSadly, the plutocrats and their authoritarian allies in the clergy have so successfully degraded public education that there now are hundreds of millions of devotedly ignorant and sanctimoniously stupid voters who sincerely believe it is more important to keep homosexuals from kissing than it is to feed the world's children.\n\nDemocracy is dying all over the globe and soon we will revisit the desperately hate-driven politics of the 1920s and 1930s."""
3160,0,20120530151516Z,"""Westbrook could not handle Magic's jock"""
3170,1,20120529153833Z,"""You sir/madam, are a d*ck."""
3180,0,20120619185337Z,"""xD jajajaja soy fuck yeah *o* aunq me perece real... xDD porq siempre me sale las cosas bien *---* y no tengoq hacer nada xD"""
3190,1,20120619182057Z,"""It's not the acting I'm talking about, it's the rediculous salaries for something that doesn't benefit humanity other than entertainment purposes.\xa0 Sorry you misunderstood...you must be an actor...if you are, I hope you do great things with your money to help our society instead of spending it on material objects that won't help you when you get sick...just saying!"""
3200,0,20120502184356Z,"""Like my Momma always said ""re: LeAnn Rimes"" I may be a little overweight, buy you are ugly and I can go on a diet.......can't stand LeAnn Rimes or her music....."""
3210,0,20120529223205Z,"""Why thefuck you have to bad mouth this guy?...All of you below have Facebook account, don't you?"""
3220,1,20120618230605Z,"""Linux Torvalds: ""NVIDIA, FUCK YOU !"" \nthis will remain in history, if Linus said it then Nvidia deserves it"""
3230,0,20120529031554Z,"""Vik  the biggest win of the year so far was   the last game vs miami  clinched a winning roady"""
3240,0,20120620171039Z,"""You are part of the problem based on your reply. Talk a long walk of a short and very high pier at low tide\xa0Paulbot."""
3250,1,,"""Fat, like you Kurt?"""
3260,1,20120529051705Z,"""you are a stupid writer!!!"""
3270,0,,"""@SensibleMoms Lol! -Momo"""
3280,0,,"""You know, it would be so much easier for all of these socialistic, commi, pinko pukes to jump on a plane and leave the U.S. than to try and convert us to their sick-ass ideas on how this country should be run.\\n\\xc2\\xa0 \\xc2\\xa0"""
3290,0,20120527164223Z,"""Yep! You\xa0responded as anticipated:\nAn 8 year old child that is looking for\xa0recognition among his peers.\nYou are angry and it shows, little girl.\nGood! I am getting to you."""
3300,0,,"""just what you need to warm you up on a cold morning, she looks stunning as aways."""
3310,0,20120529204446Z,"""""Supply side economics has never worked.""\n\nSo Svelaz, what side economics DOES work?"""
3320,0,20120528094926Z,"""Totally agree on the Mamamia thing.... not specifically re baby bodies, but I just feel like everything on there seems quite judgy/one sided these days. Too many cat fights in the comments as well. \n\nI really am going to miss your posts but I am SO happy for you and your new writing journey! You're going to rock the shit out of it, I'm sure xxx"""
3330,0,,"""How did the photographer avoid the urge to not steal a brink ? If that was me i would look for a special team and the blueprints"""
3340,0,,"""here is the steps guys :\\n\\n1) download Ifile from cydia\\n\\n2) go to var/mobile/library/prefrence\\n\\n3)deleted com.apple.assistend.plist\\n\\n4)deleted com.apple.support.plist (optional)\\n\\n5)install crt\\n\\n6) enjoy siri (^_*)"""
3350,0,20120528035824Z,"""Anthropophagy.. it's the other white/semi white meat"""
3360,1,20120609225151Z,"""It would only be news to you if it were reversed.  We get it now and get it with your every post.  You are a liberal puke that champions every liberal cause.  Got it glea."""
3370,0,20120611184524Z,"""next time try to offer suck his dick, maybe it will help..."""
3380,0,20120619185525Z,"""Is this the kind of balloon WORLD CLASS CITIES HAVE? In that case, we should get two or three... we need all the class we can get here..."""
3390,0,20120619003938Z,"""Well, at least we know what is on your mind."""
3400,1,20120320184551Z,"""you are soooo dumb!"""
3410,0,20120530150813Z,"""Irony is not in most conservative's vocabulary."""
3420,0,20120611205802Z,"""Interesting the wonderful kcstar took down my post and link to the story about the coke dealer flying on the team plane with mu's basketball team......."""
3430,0,20120611220851Z,"""21st century conservatism:\nManufactured outrage."""
3440,0,20120609222509Z,"""I haven't heard a substance argument from these Righties all year just more of the same. They blame Obama for the're woes! Here's some advice stop waiting for Government to improve your lives and make something of yourselves!!!!"""
3450,0,20120611224945Z,"""@xxcorey92\xa0\xa0\xa0\xa0\xa0\xa0\xa0\xa0\xa0\xa0\xa0\xa0\xa0\xa0\xa0\xa0\xa0\xa0\xa0\xa0\xa0 im fucking with you that makes my dick hard\xa0 and you know what i do...i let them catch me looking at them then quickly pretend to look away and not to see them\xa0 to see there reaction ololol"""
3460,0,,"""I think the person from the school that made this decision, has an ass whipping' coming!"""
3470,0,,"""Good for her she is hugely talented, amazing voice and a very nice girl."""
3480,1,20120619182145Z,"""Papo_Swing, go to hell with that little weasel dick Carlson. In other words, fuck you, your mother and every one of your inbred relatives."""
3490,0,20120528221628Z,"""u haters will ana-l-y rape yourself if Heat wins tonight"""
3500,0,20120612015728Z,"""Don't be so bitter. I'm sure it was purely a coincidence that God created booze immediately prior to creating Detroiters and the duck billed platypus."""
3510,0,20120528213714Z,"""soriano is going to have to ice those knees after today. he did some jogging today."""
3520,0,20120609222357Z,"""fuck em all"""
3530,0,20120530034812Z,"""77 F and that dress...she sweat her asss off"""
3540,1,20120611210724Z,"""Just too freakin' funny... You are so stupid... Talk about gullible..."""
3550,0,,"""So the bill bans using aborted fetuses in food?\\n\\nWhat about miscarried fetuses?  I mean, if God kills it, then it is o.k., right?"""
3560,0,,"""2 pints for a tenner, a pub near me charges \\xc2\\xa34.10 a pint so that should be \\xc2\\xa34.30 after the budget,  Sick"""
3570,0,20120609223645Z,"""This is pretty, but I like your other necklace better."""
3580,0,,"""Definitely the number of questions asked drives engagement,  It is not easy to have what appears to be direct access to one of the world\\'s most famous newspapers.  Plus they ask questions that are extremely relevant to the moment.  And some of their content is behind a pay wall so this feels like ""free access"""""
3590,0,20120610064914Z,"""Lsempa, she is not, its called ceap popularity. If she was in she would be just like M7 and the others"""
3600,0,,"""Or the alternate address - their corporate headquarters:\\n\\n \\n\\n\\xef\\xbb\\xbf\\xef\\xbb\\xbf\\xef\\xbb\\xbf5005 LBJ Freeway, Suite 250\\n\\nDallas TX  75244"""
3610,0,20120502224809Z,"""You flatter him needlessly."""
3620,0,20120529210243Z,"""patt i put pagan second because you have speed on the bases with your first 2  hitters"""
3630,0,20120609165502Z,"""When did I ever say you're not supposed to like other wrestlers? You can like whoever the fuck you want, I'll just make fun of you a few times about it. And besides you're criteria for people you like is simple too ""root for guys who are hardly featured and hate everyone that everyone likes"" LOL and I don't even like Punk so why would I care that other people should? \n\nGame set and match."""
3640,0,20120612053248Z,"""Lindsey headed for another train wreck??"""
3650,0,20120620001232Z,"""I strongly recommend you end whatever is going on.  He's upsetting you and is holding you back from finding someone potentially great.  He is an ex and you don't owe him any of your time.  Good luck."""
3660,0,20120529032417Z,"""@JHD = I TOLD YOU SO\xa0Interesting selection of schools to say the least."""
3670,0,20120611220828Z,"""Who fuck drew dat? \nOh wait haha"""
3680,0,,"""And I\\'m reading now that his apology was a Sarah Palinesque apology no less: claiming that his detractors have found their ""gotcha"" moment by quoting this idiot verbatim..smh"""
3690,1,20120609185525Z,"""And nobody partially gives a fuck about you or your gaRbage state"""
3700,0,20120620180318Z,"""Campy is sorta similar to Compy, which brings us to Compsognathus, a scavenger. Why, I think I've gained an insight into the mind of Glenn Beck along the way, in addition to getting a better handle on our good troll Campy."""
3710,0,20120611222224Z,"""""Let adults make their own decisions, just as long as they are not directly hurting or endangering others.""\n\nYour words. Nothing was put in your mouth other than the crap that came out of it.\n\n""I'm not sure any rider is expecting society to pick up the tab""\xa0\n\nThat's the point. They don't bother to even consider that their choices have significant impacts on others. Those who demand complete freedom are completely selfish.\n\nAnd, for those who are also as blind as you, rather than ""jumping on the first comment you saw"", I posted 40 previous comments, often undermining either the facts or the logic of other libertine fools like yourself."""
3720,0,20120619045946Z,"""and once the power is gone there is no more gas for cars\xa0 mean no emts\xa0 no hospitals\xa0\xa0 the store are closed\xa0\xa0 and yes berry is doing this\xa0\xa0 and all the time zooming around in a jet\xa0 that leaves a carbon foot print we could never match\xa0 oh and moocle has a jet also\xa0 and 4 fighter jets to protect her"""
3730,0,20120528070442Z,"""@avclub-3cd1c74a2b0ffb32176086457dcf543a:disqus\xa0I meant basically portraying it as cocaine: ENHANCED! /Super Troopers voice"""
3740,0,20120528221553Z,"""Don't worry, Dis/Marv will re-release some real versions later, almost nullifying these purchase$."""
3750,0,20120620142624Z,"""#WWEsucks\n#nWo4Life\n#FuckSummer\n#WeAreInControl"""
3760,0,20120529014711Z,"""How much does entitlement take up?"""
3770,0,20120528171412Z,"""WHAT SIZE ARE YOU?"""
3780,0,20120611184543Z,"""Really?\xa0 Seriously?\xa0 People thowin' trash out on the road ain't right?\xa0 Ya think?\xa0 So you noble knights are going to do something about somethin' that ain't right?\xa0 Can ya think of, oh, ANYTHING ELSE that ain't right?\xa0\xa0 Mental AND moral giants.\n\nFellas:\xa0 when you hang around in your little groups and talk crazy, you are missing out on normal feedback.\xa0 Then when you climb out from under your rock, you forget that we can all see that you don't have the sense\xa0God gave a goat.\xa0 Please go back underground and stay there for everyone's sake."""
3790,0,,"""i don't like reacting to trolls but god @absolutejoke is boring"""
3800,0,20120620133326Z,"""You are wasting your breath, BC.  Argie is most likely a paid shill for AIPAC.  Israel has an entire propaganda program called Megaphone, etc."""
3810,0,20120612002045Z,"""Hmm. I wonder why the justice department sent in observers for this election. \n\nbtw - Who is Charles Mahtesian?"""
3820,0,,"""@David@Hobbes83 -- I think you are confusing me with OWS, those seditious bastards want to completely abolish the Constitution.  I just want our government to return to it, not destroy it.\\\\n\\\\n \\\\n\\\\n \\\\n\\\\n"""
3830,0,20120610063032Z,"""Way to be relevant there. \xa0I'm a moron because I like to speak proper English? \xa0Kids these days. \xa0Too much lol and not enough laughing out loud. \xa0Too lazy to use correct grammar. \xa0\n\nAnyway, you're wrong. \xa0If it wasn't for people like us, you would be getting much more half assed made game year in, year out. \xa0\n\nAll these gimmicks you hear of right now is probably because they heard us complain. \xa0If we were like you and were quiet as kept, you wouldn't get anything in return."""
3840,1,20120514051050Z,"""You want a smack on the back of your head punk?"""
3850,0,20120530105312Z,"""And another benefit to counseling is that you don't lose all your friends because you drove them crazy with your constant neediness."""
3860,0,20120620064924Z,"""Fucking apple fanboys"""
3870,0,20120620023910Z,"""<p><span style="""">In 2001, Yomtov AKA Mark, pleaded guilty to molesting the boys, aged between 8 and 10. He served one year in prison and was required to register as a sex offender.</span><span style="""">\r\n</span>\r\n<p>Yomtov AKA Mark has been in violation of sex offender registration requirements since March 2003, according to the website of the California Attorney General&rsquo;s Office. A spokesman for Attorney General Kamala Harris did not respond to requests for clarification on Yomtov&rsquo;s whereabouts."""
3880,1,20120609170725Z,"""You all suck, like hungry hookers."""
3890,0,20120527180529Z,"""Been here the whole time with this terrible team"""
3900,0,20120529204418Z,"""You sure you arnt a pats fan? You seem to know alot about them"""
3910,0,,"""Number one, don't fret over weak Republicans.\\n\\nNumber two, I have never seen people so pumped up for the election, they see the major error in voting for Obama and are chomping at the bit to correct that.Number three, simply vote the incumbent Republicans out, I have numerous ones in mind that I will send direct cash to their Republican opponents campaign.It doesn't even matter what these opponents are as long as they are verifiable in their intentions.We had a hoot with the last crop we sent in, looking for more bang for the buck in 2012.It takes multiple elections, so be it.Number four, please man, all caps is just lame."""
3920,1,20120530140143Z,"""You really should be like the other Lemmings and jump off a cliff."""
3930,0,20120529160326Z,"""We didn't even know who the rebels really are, do you really want them to have weapons they can use against us"""
3940,0,20120610114639Z,"""oh i had many cars like this before."""
